{
  "best_params": {
    "n_factors": 100,
    "n_epochs": 30,
    "lr_all": 0.01,
    "reg_all": 0.1
  },
  "test_rmse": 0.8615525525131533,
  "test_mae": 0.6688980965512145,
  "training_data_size": 100793,
  "n_users": 611,
  "n_items": 9702,
  "sparsity": "98.30%",
  "timestamp": "2025-10-10T14:21:26.324230"
}